run,trades,ending_r,max_drawdown_r,min_equity_r,max_equity_r
1,153,63.0,11.0,-1.0,67.0
2,153,63.0,11.0,-3.0,64.0
3,153,63.0,9.0,-3.0,66.0
4,153,63.0,11.0,-2.0,66.0
5,153,63.0,12.0,-7.0,66.0
6,153,63.0,11.0,-3.0,64.0
7,153,63.0,9.0,3.0,63.0
8,153,63.0,11.0,-7.0,63.0
9,153,63.0,9.0,3.0,65.0
10,153,63.0,8.0,-4.0,69.0
11,153,63.0,18.0,-4.0,63.0
12,153,63.0,9.0,-2.0,64.0
13,153,63.0,10.0,-1.0,64.0
14,153,63.0,15.0,0.0,76.0
15,153,63.0,11.0,-12.0,69.0
16,153,63.0,15.0,-5.0,63.0
17,153,63.0,9.0,0.0,70.0
18,153,63.0,12.0,-5.0,66.0
19,153,63.0,10.0,-2.0,65.0
20,153,63.0,9.0,1.0,70.0
21,153,63.0,11.0,2.0,69.0
22,153,63.0,13.0,-5.0,65.0
23,153,63.0,9.0,-2.0,67.0
24,153,63.0,23.0,1.0,64.0
25,153,63.0,9.0,-2.0,70.0
26,153,63.0,10.0,-5.0,64.0
27,153,63.0,9.0,-2.0,64.0
28,153,63.0,11.0,-12.0,73.0
29,153,63.0,12.0,-7.0,69.0
30,153,63.0,8.0,-2.0,65.0
31,153,63.0,10.0,-3.0,67.0
32,153,63.0,12.0,-1.0,69.0
33,153,63.0,11.0,-1.0,68.0
34,153,63.0,12.0,-4.0,64.0
35,153,63.0,13.0,0.0,63.0
36,153,63.0,6.0,-1.0,68.0
37,153,63.0,7.0,3.0,64.0
38,153,63.0,11.0,-4.0,63.0
39,153,63.0,15.0,-3.0,63.0
40,153,63.0,12.0,-4.0,65.0
41,153,63.0,15.0,-3.0,65.0
42,153,63.0,11.0,-3.0,63.0
43,153,63.0,15.0,-7.0,63.0
44,153,63.0,12.0,-4.0,63.0
45,153,63.0,6.0,-1.0,66.0
46,153,63.0,18.0,-1.0,64.0
47,153,63.0,10.0,-1.0,66.0
48,153,63.0,15.0,-1.0,64.0
49,153,63.0,9.0,-5.0,64.0
50,153,63.0,10.0,-8.0,63.0
51,153,63.0,9.0,-2.0,63.0
52,153,63.0,21.0,3.0,74.0
53,153,63.0,12.0,3.0,65.0
54,153,63.0,9.0,-2.0,72.0
55,153,63.0,8.0,-6.0,67.0
56,153,63.0,16.0,3.0,64.0
57,153,63.0,9.0,-3.0,66.0
58,153,63.0,8.0,-3.0,65.0
59,153,63.0,8.0,-1.0,64.0
60,153,63.0,14.0,-10.0,66.0
61,153,63.0,19.0,-1.0,64.0
62,153,63.0,9.0,-3.0,66.0
63,153,63.0,15.0,-4.0,72.0
64,153,63.0,10.0,-10.0,69.0
65,153,63.0,20.0,-4.0,67.0
66,153,63.0,8.0,-3.0,70.0
67,153,63.0,19.0,-3.0,68.0
68,153,63.0,11.0,-6.0,70.0
69,153,63.0,7.0,-3.0,66.0
70,153,63.0,22.0,-6.0,64.0
71,153,63.0,7.0,-1.0,68.0
72,153,63.0,11.0,-11.0,66.0
73,153,63.0,10.0,-5.0,65.0
74,153,63.0,8.0,-3.0,63.0
75,153,63.0,9.0,2.0,65.0
76,153,63.0,7.0,-1.0,66.0
77,153,63.0,14.0,3.0,63.0
78,153,63.0,9.0,-9.0,64.0
79,153,63.0,8.0,0.0,64.0
80,153,63.0,7.0,-3.0,64.0
81,153,63.0,9.0,-6.0,64.0
82,153,63.0,10.0,-1.0,64.0
83,153,63.0,8.0,-7.0,71.0
84,153,63.0,16.0,-4.0,72.0
85,153,63.0,10.0,-1.0,68.0
86,153,63.0,17.0,-13.0,63.0
87,153,63.0,11.0,-5.0,63.0
88,153,63.0,15.0,-3.0,63.0
89,153,63.0,10.0,-3.0,63.0
90,153,63.0,7.0,-1.0,67.0
91,153,63.0,8.0,-1.0,66.0
92,153,63.0,10.0,-3.0,64.0
93,153,63.0,11.0,-8.0,63.0
94,153,63.0,11.0,-3.0,65.0
95,153,63.0,23.0,-12.0,64.0
96,153,63.0,10.0,-2.0,63.0
97,153,63.0,11.0,-7.0,66.0
98,153,63.0,6.0,-2.0,67.0
99,153,63.0,9.0,1.0,65.0
100,153,63.0,8.0,2.0,67.0
101,153,63.0,8.0,-9.0,63.0
102,153,63.0,19.0,-15.0,64.0
103,153,63.0,12.0,-1.0,65.0
104,153,63.0,13.0,2.0,76.0
105,153,63.0,14.0,-3.0,64.0
106,153,63.0,9.0,-3.0,66.0
107,153,63.0,11.0,0.0,64.0
108,153,63.0,10.0,-6.0,68.0
109,153,63.0,10.0,-2.0,65.0
110,153,63.0,9.0,-6.0,70.0
111,153,63.0,7.0,-2.0,69.0
112,153,63.0,10.0,-4.0,64.0
113,153,63.0,11.0,-3.0,66.0
114,153,63.0,12.0,-4.0,66.0
115,153,63.0,12.0,3.0,67.0
116,153,63.0,14.0,-4.0,69.0
117,153,63.0,11.0,-3.0,67.0
118,153,63.0,12.0,-2.0,63.0
119,153,63.0,9.0,-8.0,63.0
120,153,63.0,11.0,-10.0,66.0
121,153,63.0,11.0,-7.0,66.0
122,153,63.0,10.0,-2.0,69.0
123,153,63.0,8.0,-3.0,63.0
124,153,63.0,10.0,-5.0,64.0
125,153,63.0,9.0,-4.0,66.0
126,153,63.0,11.0,-4.0,63.0
127,153,63.0,17.0,-10.0,66.0
128,153,63.0,10.0,-1.0,70.0
129,153,63.0,12.0,-7.0,69.0
130,153,63.0,9.0,3.0,66.0
131,153,63.0,10.0,-3.0,63.0
132,153,63.0,12.0,-1.0,67.0
133,153,63.0,8.0,-3.0,63.0
134,153,63.0,12.0,-4.0,64.0
135,153,63.0,10.0,-1.0,64.0
136,153,63.0,13.0,-2.0,66.0
137,153,63.0,12.0,0.0,66.0
138,153,63.0,11.0,-1.0,63.0
139,153,63.0,11.0,2.0,69.0
140,153,63.0,9.0,-6.0,65.0
141,153,63.0,14.0,-12.0,63.0
142,153,63.0,10.0,-7.0,64.0
143,153,63.0,11.0,-1.0,64.0
144,153,63.0,9.0,1.0,64.0
145,153,63.0,8.0,-4.0,70.0
146,153,63.0,12.0,-1.0,65.0
147,153,63.0,9.0,-7.0,64.0
148,153,63.0,12.0,2.0,71.0
149,153,63.0,14.0,2.0,65.0
150,153,63.0,18.0,-2.0,77.0
151,153,63.0,23.0,-1.0,65.0
152,153,63.0,9.0,-2.0,63.0
153,153,63.0,9.0,-2.0,72.0
154,153,63.0,15.0,-2.0,65.0
155,153,63.0,17.0,-3.0,65.0
156,153,63.0,13.0,-3.0,68.0
157,153,63.0,11.0,-1.0,67.0
158,153,63.0,17.0,-2.0,68.0
159,153,63.0,13.0,-1.0,70.0
160,153,63.0,8.0,2.0,63.0
161,153,63.0,14.0,3.0,65.0
162,153,63.0,12.0,2.0,67.0
163,153,63.0,17.0,-6.0,64.0
164,153,63.0,8.0,-1.0,65.0
165,153,63.0,9.0,-2.0,70.0
166,153,63.0,10.0,0.0,66.0
167,153,63.0,10.0,-2.0,73.0
168,153,63.0,11.0,-4.0,74.0
169,153,63.0,19.0,-7.0,68.0
170,153,63.0,12.0,-7.0,63.0
171,153,63.0,14.0,3.0,63.0
172,153,63.0,9.0,-1.0,71.0
173,153,63.0,8.0,0.0,66.0
174,153,63.0,12.0,-6.0,72.0
175,153,63.0,8.0,3.0,66.0
176,153,63.0,6.0,-2.0,64.0
177,153,63.0,13.0,-10.0,63.0
178,153,63.0,17.0,-2.0,63.0
179,153,63.0,17.0,-1.0,67.0
180,153,63.0,10.0,-1.0,64.0
181,153,63.0,8.0,-1.0,64.0
182,153,63.0,9.0,-1.0,64.0
183,153,63.0,12.0,-5.0,68.0
184,153,63.0,16.0,0.0,63.0
185,153,63.0,13.0,3.0,73.0
186,153,63.0,15.0,-4.0,64.0
187,153,63.0,9.0,2.0,65.0
188,153,63.0,8.0,-3.0,63.0
189,153,63.0,10.0,-9.0,73.0
190,153,63.0,13.0,-10.0,67.0
191,153,63.0,7.0,1.0,64.0
192,153,63.0,8.0,-3.0,67.0
193,153,63.0,11.0,-3.0,68.0
194,153,63.0,9.0,-5.0,63.0
195,153,63.0,12.0,-4.0,64.0
196,153,63.0,14.0,-2.0,77.0
197,153,63.0,9.0,-2.0,63.0
198,153,63.0,14.0,-6.0,65.0
199,153,63.0,9.0,-1.0,64.0
200,153,63.0,20.0,1.0,70.0
201,153,63.0,8.0,-2.0,65.0
202,153,63.0,14.0,-1.0,63.0
203,153,63.0,11.0,-9.0,68.0
204,153,63.0,19.0,1.0,82.0
205,153,63.0,11.0,-1.0,66.0
206,153,63.0,12.0,-5.0,69.0
207,153,63.0,14.0,2.0,63.0
208,153,63.0,16.0,-1.0,65.0
209,153,63.0,10.0,-3.0,63.0
210,153,63.0,9.0,-3.0,65.0
211,153,63.0,8.0,-1.0,71.0
212,153,63.0,7.0,-4.0,64.0
213,153,63.0,11.0,-1.0,64.0
214,153,63.0,13.0,-4.0,64.0
215,153,63.0,12.0,-4.0,63.0
216,153,63.0,10.0,-2.0,66.0
217,153,63.0,17.0,-2.0,65.0
218,153,63.0,14.0,-9.0,64.0
219,153,63.0,8.0,-1.0,70.0
220,153,63.0,12.0,-1.0,64.0
221,153,63.0,7.0,-4.0,65.0
222,153,63.0,9.0,-2.0,72.0
223,153,63.0,10.0,-2.0,66.0
224,153,63.0,9.0,-5.0,63.0
225,153,63.0,9.0,2.0,65.0
226,153,63.0,12.0,-2.0,65.0
227,153,63.0,9.0,-6.0,63.0
228,153,63.0,11.0,-3.0,66.0
229,153,63.0,10.0,-3.0,64.0
230,153,63.0,9.0,1.0,63.0
231,153,63.0,17.0,0.0,65.0
232,153,63.0,10.0,-1.0,64.0
233,153,63.0,11.0,-3.0,65.0
234,153,63.0,17.0,2.0,68.0
235,153,63.0,15.0,-1.0,71.0
236,153,63.0,13.0,-10.0,64.0
237,153,63.0,11.0,1.0,71.0
238,153,63.0,12.0,-6.0,72.0
239,153,63.0,13.0,-3.0,66.0
240,153,63.0,13.0,-1.0,64.0
241,153,63.0,12.0,-6.0,63.0
242,153,63.0,11.0,-1.0,65.0
243,153,63.0,15.0,-5.0,75.0
244,153,63.0,12.0,-13.0,64.0
245,153,63.0,7.0,-2.0,63.0
246,153,63.0,13.0,3.0,65.0
247,153,63.0,8.0,-5.0,65.0
248,153,63.0,12.0,1.0,65.0
249,153,63.0,8.0,2.0,64.0
250,153,63.0,10.0,-2.0,63.0
251,153,63.0,11.0,-4.0,70.0
252,153,63.0,11.0,3.0,72.0
253,153,63.0,13.0,2.0,64.0
254,153,63.0,10.0,-5.0,71.0
255,153,63.0,9.0,-3.0,72.0
256,153,63.0,19.0,-4.0,65.0
257,153,63.0,8.0,-1.0,64.0
258,153,63.0,18.0,-4.0,81.0
259,153,63.0,16.0,-3.0,65.0
260,153,63.0,9.0,-1.0,64.0
261,153,63.0,11.0,-1.0,64.0
262,153,63.0,7.0,-4.0,66.0
263,153,63.0,12.0,3.0,63.0
264,153,63.0,11.0,-2.0,74.0
265,153,63.0,20.0,-3.0,64.0
266,153,63.0,12.0,-12.0,63.0
267,153,63.0,11.0,-2.0,63.0
268,153,63.0,9.0,-5.0,68.0
269,153,63.0,8.0,-6.0,64.0
270,153,63.0,10.0,-2.0,64.0
271,153,63.0,14.0,-2.0,67.0
272,153,63.0,19.0,-12.0,63.0
273,153,63.0,11.0,-2.0,63.0
274,153,63.0,14.0,-3.0,63.0
275,153,63.0,15.0,1.0,63.0
276,153,63.0,12.0,2.0,63.0
277,153,63.0,13.0,-2.0,67.0
278,153,63.0,12.0,-2.0,64.0
279,153,63.0,11.0,2.0,66.0
280,153,63.0,11.0,-3.0,63.0
281,153,63.0,13.0,-8.0,64.0
282,153,63.0,18.0,-12.0,65.0
283,153,63.0,14.0,-12.0,64.0
284,153,63.0,10.0,-11.0,63.0
285,153,63.0,8.0,-2.0,70.0
286,153,63.0,11.0,-2.0,63.0
287,153,63.0,8.0,-3.0,66.0
288,153,63.0,11.0,1.0,68.0
289,153,63.0,9.0,-3.0,65.0
290,153,63.0,11.0,3.0,73.0
291,153,63.0,7.0,3.0,70.0
292,153,63.0,12.0,-3.0,63.0
293,153,63.0,8.0,-6.0,63.0
294,153,63.0,21.0,1.0,73.0
295,153,63.0,9.0,-3.0,63.0
296,153,63.0,13.0,-2.0,65.0
297,153,63.0,8.0,-4.0,63.0
298,153,63.0,11.0,2.0,65.0
299,153,63.0,13.0,3.0,64.0
300,153,63.0,10.0,-5.0,66.0
301,153,63.0,8.0,2.0,67.0
302,153,63.0,10.0,0.0,69.0
303,153,63.0,11.0,-4.0,63.0
304,153,63.0,22.0,-8.0,69.0
305,153,63.0,9.0,3.0,63.0
306,153,63.0,14.0,1.0,68.0
307,153,63.0,10.0,-2.0,63.0
308,153,63.0,9.0,-1.0,63.0
309,153,63.0,12.0,-2.0,63.0
310,153,63.0,17.0,2.0,77.0
311,153,63.0,12.0,-1.0,63.0
312,153,63.0,12.0,-1.0,63.0
313,153,63.0,10.0,-4.0,66.0
314,153,63.0,12.0,-8.0,63.0
315,153,63.0,15.0,-2.0,72.0
316,153,63.0,11.0,-4.0,67.0
317,153,63.0,9.0,-6.0,63.0
318,153,63.0,13.0,-3.0,70.0
319,153,63.0,6.0,-3.0,63.0
320,153,63.0,10.0,-3.0,64.0
321,153,63.0,18.0,2.0,64.0
322,153,63.0,11.0,-2.0,63.0
323,153,63.0,13.0,-10.0,63.0
324,153,63.0,10.0,-3.0,63.0
325,153,63.0,18.0,-3.0,63.0
326,153,63.0,14.0,-1.0,68.0
327,153,63.0,10.0,-9.0,68.0
328,153,63.0,9.0,-2.0,63.0
329,153,63.0,10.0,3.0,66.0
330,153,63.0,8.0,-5.0,63.0
331,153,63.0,12.0,3.0,63.0
332,153,63.0,12.0,-10.0,63.0
333,153,63.0,9.0,-4.0,67.0
334,153,63.0,8.0,-2.0,67.0
335,153,63.0,8.0,-3.0,65.0
336,153,63.0,18.0,3.0,73.0
337,153,63.0,9.0,-1.0,63.0
338,153,63.0,11.0,3.0,65.0
339,153,63.0,10.0,-1.0,66.0
340,153,63.0,10.0,-8.0,65.0
341,153,63.0,10.0,-5.0,70.0
342,153,63.0,10.0,-1.0,64.0
343,153,63.0,14.0,1.0,64.0
344,153,63.0,10.0,-5.0,63.0
345,153,63.0,13.0,-4.0,64.0
346,153,63.0,8.0,-2.0,64.0
347,153,63.0,16.0,-4.0,63.0
348,153,63.0,14.0,-1.0,63.0
349,153,63.0,13.0,-11.0,63.0
350,153,63.0,8.0,-4.0,63.0
351,153,63.0,7.0,-2.0,68.0
352,153,63.0,9.0,-2.0,69.0
353,153,63.0,11.0,2.0,63.0
354,153,63.0,15.0,-6.0,73.0
355,153,63.0,12.0,-1.0,65.0
356,153,63.0,10.0,-4.0,63.0
357,153,63.0,11.0,-4.0,64.0
358,153,63.0,13.0,-7.0,67.0
359,153,63.0,11.0,-2.0,64.0
360,153,63.0,10.0,-4.0,66.0
361,153,63.0,17.0,-18.0,63.0
362,153,63.0,14.0,1.0,63.0
363,153,63.0,9.0,-3.0,69.0
364,153,63.0,12.0,-3.0,72.0
365,153,63.0,14.0,-9.0,63.0
366,153,63.0,13.0,2.0,73.0
367,153,63.0,10.0,-11.0,64.0
368,153,63.0,11.0,-2.0,67.0
369,153,63.0,12.0,-8.0,65.0
370,153,63.0,17.0,-1.0,65.0
371,153,63.0,7.0,0.0,69.0
372,153,63.0,14.0,-1.0,63.0
373,153,63.0,10.0,0.0,68.0
374,153,63.0,11.0,-6.0,72.0
375,153,63.0,12.0,-8.0,66.0
376,153,63.0,14.0,-13.0,65.0
377,153,63.0,12.0,1.0,65.0
378,153,63.0,18.0,-2.0,71.0
379,153,63.0,11.0,-1.0,63.0
380,153,63.0,12.0,0.0,65.0
381,153,63.0,13.0,-5.0,63.0
382,153,63.0,11.0,-2.0,71.0
383,153,63.0,11.0,-6.0,64.0
384,153,63.0,7.0,-2.0,65.0
385,153,63.0,9.0,-4.0,64.0
386,153,63.0,7.0,-5.0,65.0
387,153,63.0,13.0,0.0,64.0
388,153,63.0,12.0,3.0,72.0
389,153,63.0,12.0,-6.0,66.0
390,153,63.0,11.0,-1.0,65.0
391,153,63.0,18.0,-3.0,70.0
392,153,63.0,10.0,-2.0,63.0
393,153,63.0,14.0,1.0,65.0
394,153,63.0,10.0,-4.0,67.0
395,153,63.0,14.0,-2.0,64.0
396,153,63.0,11.0,-5.0,64.0
397,153,63.0,13.0,-2.0,67.0
398,153,63.0,10.0,-2.0,68.0
399,153,63.0,15.0,-2.0,73.0
400,153,63.0,8.0,-1.0,67.0
401,153,63.0,10.0,-6.0,64.0
402,153,63.0,9.0,-3.0,63.0
403,153,63.0,13.0,-4.0,71.0
404,153,63.0,10.0,-1.0,63.0
405,153,63.0,12.0,1.0,75.0
406,153,63.0,7.0,0.0,65.0
407,153,63.0,9.0,3.0,69.0
408,153,63.0,9.0,-2.0,63.0
409,153,63.0,16.0,2.0,66.0
410,153,63.0,12.0,-2.0,64.0
411,153,63.0,16.0,-1.0,64.0
412,153,63.0,9.0,-2.0,63.0
413,153,63.0,8.0,-8.0,65.0
414,153,63.0,9.0,-2.0,69.0
415,153,63.0,8.0,-6.0,63.0
416,153,63.0,13.0,-2.0,64.0
417,153,63.0,10.0,-4.0,65.0
418,153,63.0,9.0,-2.0,66.0
419,153,63.0,19.0,0.0,68.0
420,153,63.0,8.0,-5.0,65.0
421,153,63.0,7.0,-7.0,65.0
422,153,63.0,11.0,-10.0,65.0
423,153,63.0,12.0,-7.0,63.0
424,153,63.0,8.0,-1.0,66.0
425,153,63.0,10.0,-1.0,63.0
426,153,63.0,10.0,3.0,67.0
427,153,63.0,12.0,-2.0,63.0
428,153,63.0,11.0,-1.0,69.0
429,153,63.0,9.0,-1.0,64.0
430,153,63.0,8.0,0.0,63.0
431,153,63.0,8.0,2.0,65.0
432,153,63.0,8.0,-3.0,66.0
433,153,63.0,8.0,-1.0,63.0
434,153,63.0,21.0,-4.0,69.0
435,153,63.0,18.0,1.0,64.0
436,153,63.0,8.0,2.0,68.0
437,153,63.0,11.0,1.0,68.0
438,153,63.0,8.0,-1.0,69.0
439,153,63.0,11.0,-6.0,65.0
440,153,63.0,12.0,0.0,64.0
441,153,63.0,14.0,1.0,63.0
442,153,63.0,9.0,-2.0,65.0
443,153,63.0,7.0,-3.0,64.0
444,153,63.0,15.0,-1.0,78.0
445,153,63.0,16.0,-5.0,64.0
446,153,63.0,13.0,-2.0,65.0
447,153,63.0,14.0,-2.0,65.0
448,153,63.0,11.0,-2.0,67.0
449,153,63.0,13.0,0.0,75.0
450,153,63.0,11.0,-5.0,69.0
451,153,63.0,7.0,-2.0,67.0
452,153,63.0,10.0,2.0,64.0
453,153,63.0,16.0,-2.0,64.0
454,153,63.0,12.0,-4.0,68.0
455,153,63.0,10.0,-1.0,63.0
456,153,63.0,9.0,-8.0,71.0
457,153,63.0,9.0,-3.0,64.0
458,153,63.0,16.0,-2.0,65.0
459,153,63.0,9.0,1.0,64.0
460,153,63.0,7.0,-4.0,66.0
461,153,63.0,10.0,-3.0,64.0
462,153,63.0,9.0,0.0,66.0
463,153,63.0,14.0,-15.0,64.0
464,153,63.0,10.0,-4.0,67.0
465,153,63.0,12.0,-3.0,69.0
466,153,63.0,13.0,2.0,67.0
467,153,63.0,9.0,1.0,64.0
468,153,63.0,9.0,3.0,63.0
469,153,63.0,9.0,1.0,69.0
470,153,63.0,11.0,-4.0,64.0
471,153,63.0,9.0,-3.0,64.0
472,153,63.0,13.0,-8.0,64.0
473,153,63.0,12.0,-1.0,65.0
474,153,63.0,11.0,-3.0,65.0
475,153,63.0,12.0,-4.0,73.0
476,153,63.0,11.0,-1.0,71.0
477,153,63.0,17.0,2.0,63.0
478,153,63.0,9.0,-1.0,67.0
479,153,63.0,10.0,-3.0,63.0
480,153,63.0,12.0,-3.0,70.0
481,153,63.0,11.0,-1.0,63.0
482,153,63.0,16.0,-3.0,68.0
483,153,63.0,9.0,-6.0,72.0
484,153,63.0,8.0,-2.0,63.0
485,153,63.0,18.0,-4.0,70.0
486,153,63.0,7.0,-5.0,64.0
487,153,63.0,13.0,-2.0,68.0
488,153,63.0,12.0,3.0,63.0
489,153,63.0,14.0,2.0,70.0
490,153,63.0,13.0,2.0,68.0
491,153,63.0,14.0,-1.0,71.0
492,153,63.0,10.0,-3.0,65.0
493,153,63.0,11.0,-6.0,64.0
494,153,63.0,18.0,-5.0,67.0
495,153,63.0,8.0,0.0,65.0
496,153,63.0,9.0,-3.0,64.0
497,153,63.0,11.0,-1.0,68.0
498,153,63.0,20.0,3.0,64.0
499,153,63.0,16.0,-9.0,63.0
500,153,63.0,9.0,-8.0,65.0
501,153,63.0,12.0,-4.0,67.0
502,153,63.0,13.0,-2.0,66.0
503,153,63.0,8.0,-7.0,67.0
504,153,63.0,10.0,-1.0,66.0
505,153,63.0,9.0,-7.0,67.0
506,153,63.0,8.0,-8.0,66.0
507,153,63.0,10.0,-2.0,64.0
508,153,63.0,9.0,-4.0,67.0
509,153,63.0,10.0,-3.0,65.0
510,153,63.0,13.0,-5.0,65.0
511,153,63.0,13.0,-5.0,63.0
512,153,63.0,9.0,-6.0,64.0
513,153,63.0,10.0,-4.0,73.0
514,153,63.0,10.0,-1.0,63.0
515,153,63.0,9.0,-3.0,66.0
516,153,63.0,10.0,-5.0,67.0
517,153,63.0,10.0,-3.0,65.0
518,153,63.0,8.0,-3.0,67.0
519,153,63.0,8.0,1.0,68.0
520,153,63.0,13.0,1.0,65.0
521,153,63.0,11.0,-1.0,65.0
522,153,63.0,12.0,-3.0,68.0
523,153,63.0,9.0,-4.0,71.0
524,153,63.0,11.0,-4.0,65.0
525,153,63.0,9.0,-2.0,64.0
526,153,63.0,10.0,1.0,64.0
527,153,63.0,10.0,3.0,72.0
528,153,63.0,13.0,1.0,65.0
529,153,63.0,18.0,1.0,64.0
530,153,63.0,10.0,0.0,64.0
531,153,63.0,14.0,-8.0,63.0
532,153,63.0,13.0,-1.0,67.0
533,153,63.0,7.0,-4.0,65.0
534,153,63.0,11.0,-6.0,65.0
535,153,63.0,8.0,-2.0,63.0
536,153,63.0,12.0,-4.0,64.0
537,153,63.0,15.0,-2.0,65.0
538,153,63.0,15.0,-2.0,63.0
539,153,63.0,16.0,3.0,64.0
540,153,63.0,10.0,-1.0,64.0
541,153,63.0,6.0,-5.0,66.0
542,153,63.0,12.0,-1.0,68.0
543,153,63.0,8.0,-2.0,67.0
544,153,63.0,10.0,-2.0,65.0
545,153,63.0,11.0,-1.0,67.0
546,153,63.0,9.0,-2.0,63.0
547,153,63.0,13.0,-3.0,64.0
548,153,63.0,9.0,2.0,64.0
549,153,63.0,8.0,-6.0,68.0
550,153,63.0,12.0,-6.0,63.0
551,153,63.0,10.0,0.0,68.0
552,153,63.0,12.0,-9.0,63.0
553,153,63.0,13.0,-3.0,63.0
554,153,63.0,9.0,-1.0,66.0
555,153,63.0,8.0,-2.0,64.0
556,153,63.0,8.0,3.0,65.0
557,153,63.0,13.0,-2.0,64.0
558,153,63.0,14.0,-5.0,63.0
559,153,63.0,11.0,-1.0,69.0
560,153,63.0,12.0,-3.0,64.0
561,153,63.0,11.0,-5.0,64.0
562,153,63.0,11.0,-1.0,70.0
563,153,63.0,13.0,2.0,67.0
564,153,63.0,13.0,-4.0,67.0
565,153,63.0,17.0,-1.0,67.0
566,153,63.0,11.0,-5.0,63.0
567,153,63.0,11.0,-2.0,64.0
568,153,63.0,7.0,-6.0,66.0
569,153,63.0,12.0,-9.0,63.0
570,153,63.0,14.0,2.0,67.0
571,153,63.0,22.0,-1.0,69.0
572,153,63.0,18.0,3.0,65.0
573,153,63.0,9.0,-8.0,68.0
574,153,63.0,14.0,-1.0,66.0
575,153,63.0,21.0,-1.0,63.0
576,153,63.0,10.0,2.0,65.0
577,153,63.0,9.0,-5.0,63.0
578,153,63.0,9.0,-4.0,68.0
579,153,63.0,11.0,3.0,63.0
580,153,63.0,10.0,-1.0,66.0
581,153,63.0,22.0,-1.0,63.0
582,153,63.0,14.0,-5.0,66.0
583,153,63.0,9.0,0.0,63.0
584,153,63.0,18.0,0.0,64.0
585,153,63.0,14.0,-6.0,64.0
586,153,63.0,7.0,-4.0,64.0
587,153,63.0,12.0,-3.0,68.0
588,153,63.0,12.0,-1.0,64.0
589,153,63.0,12.0,-3.0,67.0
590,153,63.0,9.0,-4.0,63.0
591,153,63.0,14.0,3.0,71.0
592,153,63.0,15.0,-6.0,67.0
593,153,63.0,8.0,-2.0,63.0
594,153,63.0,11.0,-2.0,65.0
595,153,63.0,11.0,-4.0,68.0
596,153,63.0,16.0,-1.0,65.0
597,153,63.0,12.0,3.0,63.0
598,153,63.0,10.0,-2.0,67.0
599,153,63.0,12.0,-1.0,64.0
600,153,63.0,16.0,-3.0,64.0
601,153,63.0,10.0,-4.0,63.0
602,153,63.0,11.0,-1.0,70.0
603,153,63.0,11.0,-7.0,70.0
604,153,63.0,11.0,-6.0,68.0
605,153,63.0,13.0,-5.0,64.0
606,153,63.0,11.0,-8.0,69.0
607,153,63.0,17.0,-14.0,63.0
608,153,63.0,16.0,1.0,65.0
609,153,63.0,18.0,2.0,68.0
610,153,63.0,21.0,0.0,78.0
611,153,63.0,7.0,-1.0,67.0
612,153,63.0,13.0,-2.0,64.0
613,153,63.0,11.0,-2.0,65.0
614,153,63.0,14.0,-4.0,69.0
615,153,63.0,15.0,-6.0,69.0
616,153,63.0,10.0,2.0,64.0
617,153,63.0,24.0,0.0,81.0
618,153,63.0,10.0,2.0,65.0
619,153,63.0,8.0,-1.0,67.0
620,153,63.0,7.0,-2.0,68.0
621,153,63.0,21.0,3.0,77.0
622,153,63.0,12.0,-7.0,63.0
623,153,63.0,22.0,-2.0,65.0
624,153,63.0,14.0,-2.0,65.0
625,153,63.0,16.0,-1.0,63.0
626,153,63.0,12.0,-7.0,63.0
627,153,63.0,17.0,-4.0,64.0
628,153,63.0,12.0,-3.0,65.0
629,153,63.0,18.0,-7.0,67.0
630,153,63.0,9.0,2.0,67.0
631,153,63.0,12.0,2.0,66.0
632,153,63.0,17.0,-6.0,63.0
633,153,63.0,15.0,0.0,63.0
634,153,63.0,14.0,-3.0,64.0
635,153,63.0,19.0,2.0,66.0
636,153,63.0,17.0,-8.0,67.0
637,153,63.0,10.0,-4.0,65.0
638,153,63.0,12.0,-2.0,66.0
639,153,63.0,17.0,3.0,71.0
640,153,63.0,10.0,-1.0,65.0
641,153,63.0,13.0,3.0,68.0
642,153,63.0,20.0,-1.0,63.0
643,153,63.0,18.0,-3.0,65.0
644,153,63.0,14.0,-2.0,77.0
645,153,63.0,11.0,-5.0,63.0
646,153,63.0,15.0,-3.0,66.0
647,153,63.0,8.0,-2.0,64.0
648,153,63.0,11.0,-1.0,63.0
649,153,63.0,14.0,-1.0,72.0
650,153,63.0,12.0,-1.0,64.0
651,153,63.0,12.0,-1.0,65.0
652,153,63.0,13.0,3.0,64.0
653,153,63.0,13.0,-7.0,71.0
654,153,63.0,24.0,-2.0,63.0
655,153,63.0,14.0,3.0,70.0
656,153,63.0,11.0,-8.0,64.0
657,153,63.0,15.0,-2.0,64.0
658,153,63.0,10.0,-1.0,63.0
659,153,63.0,12.0,-2.0,68.0
660,153,63.0,11.0,0.0,63.0
661,153,63.0,11.0,-3.0,65.0
662,153,63.0,12.0,-2.0,73.0
663,153,63.0,10.0,0.0,64.0
664,153,63.0,10.0,-4.0,65.0
665,153,63.0,13.0,-1.0,63.0
666,153,63.0,9.0,-1.0,64.0
667,153,63.0,14.0,-2.0,66.0
668,153,63.0,9.0,-5.0,65.0
669,153,63.0,10.0,-4.0,70.0
670,153,63.0,11.0,-4.0,64.0
671,153,63.0,9.0,3.0,66.0
672,153,63.0,11.0,-1.0,67.0
673,153,63.0,11.0,2.0,65.0
674,153,63.0,8.0,-4.0,68.0
675,153,63.0,10.0,3.0,64.0
676,153,63.0,9.0,-2.0,72.0
677,153,63.0,25.0,-2.0,85.0
678,153,63.0,15.0,-1.0,68.0
679,153,63.0,8.0,-4.0,64.0
680,153,63.0,16.0,-9.0,69.0
681,153,63.0,7.0,-4.0,64.0
682,153,63.0,9.0,-3.0,65.0
683,153,63.0,13.0,3.0,69.0
684,153,63.0,10.0,-5.0,64.0
685,153,63.0,11.0,-1.0,68.0
686,153,63.0,23.0,-18.0,68.0
687,153,63.0,7.0,0.0,64.0
688,153,63.0,10.0,-2.0,69.0
689,153,63.0,13.0,2.0,70.0
690,153,63.0,10.0,-1.0,64.0
691,153,63.0,11.0,3.0,69.0
692,153,63.0,14.0,-3.0,71.0
693,153,63.0,11.0,2.0,63.0
694,153,63.0,11.0,-6.0,64.0
695,153,63.0,13.0,-4.0,65.0
696,153,63.0,10.0,2.0,70.0
697,153,63.0,11.0,-3.0,65.0
698,153,63.0,7.0,-3.0,67.0
699,153,63.0,14.0,3.0,63.0
700,153,63.0,9.0,-1.0,66.0
701,153,63.0,22.0,3.0,64.0
702,153,63.0,9.0,2.0,64.0
703,153,63.0,9.0,-3.0,63.0
704,153,63.0,16.0,2.0,78.0
705,153,63.0,9.0,-4.0,63.0
706,153,63.0,8.0,-4.0,65.0
707,153,63.0,7.0,-5.0,68.0
708,153,63.0,17.0,-2.0,63.0
709,153,63.0,8.0,2.0,63.0
710,153,63.0,12.0,2.0,70.0
711,153,63.0,12.0,-1.0,66.0
712,153,63.0,17.0,-2.0,65.0
713,153,63.0,13.0,-1.0,66.0
714,153,63.0,9.0,0.0,68.0
715,153,63.0,11.0,-2.0,65.0
716,153,63.0,10.0,-1.0,63.0
717,153,63.0,11.0,-5.0,74.0
718,153,63.0,14.0,-4.0,66.0
719,153,63.0,14.0,-2.0,70.0
720,153,63.0,11.0,-3.0,64.0
721,153,63.0,12.0,-7.0,66.0
722,153,63.0,10.0,-8.0,66.0
723,153,63.0,9.0,-8.0,64.0
724,153,63.0,10.0,-1.0,64.0
725,153,63.0,12.0,-7.0,75.0
726,153,63.0,9.0,3.0,63.0
727,153,63.0,15.0,-2.0,67.0
728,153,63.0,13.0,3.0,63.0
729,153,63.0,12.0,-6.0,66.0
730,153,63.0,9.0,0.0,67.0
731,153,63.0,10.0,-2.0,65.0
732,153,63.0,11.0,3.0,71.0
733,153,63.0,10.0,-7.0,67.0
734,153,63.0,13.0,-3.0,69.0
735,153,63.0,8.0,-1.0,67.0
736,153,63.0,10.0,1.0,71.0
737,153,63.0,10.0,-7.0,63.0
738,153,63.0,15.0,3.0,69.0
739,153,63.0,9.0,-4.0,63.0
740,153,63.0,12.0,-11.0,63.0
741,153,63.0,9.0,-3.0,63.0
742,153,63.0,14.0,1.0,64.0
743,153,63.0,11.0,0.0,67.0
744,153,63.0,10.0,-4.0,63.0
745,153,63.0,10.0,-4.0,66.0
746,153,63.0,13.0,-1.0,67.0
747,153,63.0,9.0,-3.0,63.0
748,153,63.0,20.0,2.0,66.0
749,153,63.0,8.0,0.0,64.0
750,153,63.0,11.0,-2.0,68.0
751,153,63.0,14.0,-5.0,63.0
752,153,63.0,10.0,2.0,64.0
753,153,63.0,15.0,-6.0,66.0
754,153,63.0,9.0,-3.0,66.0
755,153,63.0,13.0,2.0,65.0
756,153,63.0,13.0,-2.0,65.0
757,153,63.0,10.0,-5.0,63.0
758,153,63.0,12.0,-1.0,74.0
759,153,63.0,12.0,3.0,65.0
760,153,63.0,7.0,-6.0,64.0
761,153,63.0,10.0,-1.0,65.0
762,153,63.0,9.0,-2.0,64.0
763,153,63.0,16.0,-4.0,63.0
764,153,63.0,9.0,2.0,72.0
765,153,63.0,15.0,-8.0,65.0
766,153,63.0,11.0,-7.0,64.0
767,153,63.0,25.0,-13.0,63.0
768,153,63.0,13.0,-2.0,65.0
769,153,63.0,12.0,-2.0,65.0
770,153,63.0,9.0,-1.0,64.0
771,153,63.0,12.0,-4.0,64.0
772,153,63.0,9.0,-7.0,66.0
773,153,63.0,17.0,-3.0,65.0
774,153,63.0,8.0,-5.0,70.0
775,153,63.0,7.0,-4.0,63.0
776,153,63.0,9.0,-2.0,65.0
777,153,63.0,13.0,-3.0,67.0
778,153,63.0,9.0,-3.0,63.0
779,153,63.0,12.0,-1.0,70.0
780,153,63.0,15.0,-10.0,66.0
781,153,63.0,10.0,-6.0,65.0
782,153,63.0,11.0,-3.0,65.0
783,153,63.0,11.0,-1.0,66.0
784,153,63.0,10.0,3.0,70.0
785,153,63.0,12.0,2.0,75.0
786,153,63.0,10.0,2.0,67.0
787,153,63.0,18.0,-12.0,63.0
788,153,63.0,12.0,3.0,74.0
789,153,63.0,11.0,2.0,63.0
790,153,63.0,17.0,-3.0,65.0
791,153,63.0,8.0,-3.0,66.0
792,153,63.0,15.0,-1.0,68.0
793,153,63.0,10.0,-3.0,64.0
794,153,63.0,7.0,-2.0,65.0
795,153,63.0,10.0,-4.0,65.0
796,153,63.0,20.0,-3.0,64.0
797,153,63.0,14.0,0.0,63.0
798,153,63.0,11.0,2.0,65.0
799,153,63.0,11.0,3.0,63.0
800,153,63.0,15.0,-2.0,64.0
801,153,63.0,8.0,-3.0,64.0
802,153,63.0,9.0,-9.0,64.0
803,153,63.0,12.0,-9.0,68.0
804,153,63.0,15.0,-2.0,68.0
805,153,63.0,7.0,-3.0,67.0
806,153,63.0,9.0,-2.0,63.0
807,153,63.0,8.0,-2.0,64.0
808,153,63.0,11.0,2.0,63.0
809,153,63.0,14.0,-9.0,63.0
810,153,63.0,10.0,-6.0,64.0
811,153,63.0,14.0,-1.0,66.0
812,153,63.0,11.0,-2.0,64.0
813,153,63.0,10.0,-3.0,67.0
814,153,63.0,10.0,-2.0,66.0
815,153,63.0,10.0,-7.0,66.0
816,153,63.0,10.0,-3.0,68.0
817,153,63.0,10.0,-3.0,66.0
818,153,63.0,9.0,-1.0,66.0
819,153,63.0,8.0,-9.0,65.0
820,153,63.0,8.0,-2.0,64.0
821,153,63.0,9.0,-1.0,63.0
822,153,63.0,13.0,2.0,66.0
823,153,63.0,17.0,2.0,66.0
824,153,63.0,9.0,-2.0,64.0
825,153,63.0,8.0,-1.0,69.0
826,153,63.0,13.0,-1.0,64.0
827,153,63.0,14.0,2.0,63.0
828,153,63.0,16.0,-3.0,67.0
829,153,63.0,9.0,-2.0,63.0
830,153,63.0,7.0,-6.0,65.0
831,153,63.0,11.0,-7.0,64.0
832,153,63.0,9.0,-1.0,64.0
833,153,63.0,6.0,-7.0,65.0
834,153,63.0,11.0,-2.0,67.0
835,153,63.0,11.0,3.0,64.0
836,153,63.0,10.0,-1.0,71.0
837,153,63.0,9.0,-2.0,64.0
838,153,63.0,6.0,-4.0,64.0
839,153,63.0,20.0,-6.0,65.0
840,153,63.0,10.0,-6.0,64.0
841,153,63.0,14.0,1.0,63.0
842,153,63.0,8.0,0.0,67.0
843,153,63.0,14.0,-5.0,63.0
844,153,63.0,7.0,-1.0,64.0
845,153,63.0,10.0,-1.0,69.0
846,153,63.0,12.0,-1.0,71.0
847,153,63.0,9.0,-3.0,64.0
848,153,63.0,11.0,-5.0,69.0
849,153,63.0,8.0,-1.0,71.0
850,153,63.0,11.0,-1.0,68.0
851,153,63.0,11.0,-6.0,63.0
852,153,63.0,10.0,-2.0,63.0
853,153,63.0,14.0,-7.0,67.0
854,153,63.0,15.0,1.0,75.0
855,153,63.0,16.0,-2.0,71.0
856,153,63.0,9.0,-3.0,69.0
857,153,63.0,17.0,-13.0,63.0
858,153,63.0,8.0,-1.0,69.0
859,153,63.0,11.0,-2.0,64.0
860,153,63.0,11.0,-4.0,66.0
861,153,63.0,7.0,-3.0,64.0
862,153,63.0,12.0,-5.0,64.0
863,153,63.0,12.0,-9.0,63.0
864,153,63.0,10.0,2.0,70.0
865,153,63.0,15.0,-10.0,67.0
866,153,63.0,7.0,1.0,64.0
867,153,63.0,8.0,-4.0,63.0
868,153,63.0,10.0,-3.0,65.0
869,153,63.0,10.0,0.0,65.0
870,153,63.0,7.0,-7.0,70.0
871,153,63.0,11.0,-2.0,63.0
872,153,63.0,8.0,-5.0,66.0
873,153,63.0,10.0,2.0,64.0
874,153,63.0,11.0,-4.0,64.0
875,153,63.0,10.0,-4.0,70.0
876,153,63.0,12.0,-4.0,63.0
877,153,63.0,14.0,-4.0,63.0
878,153,63.0,16.0,-3.0,63.0
879,153,63.0,11.0,-4.0,64.0
880,153,63.0,10.0,-4.0,70.0
881,153,63.0,8.0,-4.0,66.0
882,153,63.0,12.0,-10.0,69.0
883,153,63.0,12.0,-4.0,70.0
884,153,63.0,11.0,-2.0,68.0
885,153,63.0,9.0,-1.0,63.0
886,153,63.0,11.0,-1.0,65.0
887,153,63.0,17.0,-2.0,65.0
888,153,63.0,10.0,-5.0,64.0
889,153,63.0,9.0,-2.0,65.0
890,153,63.0,15.0,-12.0,72.0
891,153,63.0,17.0,-1.0,69.0
892,153,63.0,12.0,-6.0,63.0
893,153,63.0,8.0,-8.0,66.0
894,153,63.0,9.0,-2.0,64.0
895,153,63.0,17.0,3.0,69.0
896,153,63.0,12.0,3.0,72.0
897,153,63.0,10.0,0.0,66.0
898,153,63.0,18.0,-3.0,70.0
899,153,63.0,17.0,0.0,64.0
900,153,63.0,14.0,-1.0,67.0
901,153,63.0,11.0,-2.0,68.0
902,153,63.0,7.0,-2.0,67.0
903,153,63.0,15.0,3.0,63.0
904,153,63.0,13.0,-5.0,63.0
905,153,63.0,9.0,-4.0,70.0
906,153,63.0,11.0,-1.0,65.0
907,153,63.0,14.0,-2.0,65.0
908,153,63.0,10.0,-7.0,65.0
909,153,63.0,8.0,2.0,64.0
910,153,63.0,9.0,2.0,70.0
911,153,63.0,10.0,-3.0,72.0
912,153,63.0,10.0,-2.0,70.0
913,153,63.0,10.0,-1.0,65.0
914,153,63.0,12.0,3.0,65.0
915,153,63.0,10.0,-7.0,63.0
916,153,63.0,9.0,-8.0,63.0
917,153,63.0,9.0,-7.0,67.0
918,153,63.0,7.0,1.0,63.0
919,153,63.0,11.0,-2.0,63.0
920,153,63.0,10.0,-2.0,68.0
921,153,63.0,9.0,-3.0,64.0
922,153,63.0,9.0,3.0,63.0
923,153,63.0,9.0,-1.0,64.0
924,153,63.0,13.0,-2.0,65.0
925,153,63.0,10.0,-2.0,65.0
926,153,63.0,11.0,2.0,63.0
927,153,63.0,15.0,1.0,64.0
928,153,63.0,17.0,-18.0,63.0
929,153,63.0,13.0,-1.0,64.0
930,153,63.0,13.0,-1.0,63.0
931,153,63.0,10.0,-3.0,71.0
932,153,63.0,10.0,-8.0,64.0
933,153,63.0,9.0,-1.0,66.0
934,153,63.0,8.0,1.0,64.0
935,153,63.0,10.0,-8.0,69.0
936,153,63.0,15.0,-1.0,69.0
937,153,63.0,13.0,2.0,64.0
938,153,63.0,6.0,1.0,63.0
939,153,63.0,8.0,-1.0,63.0
940,153,63.0,11.0,-3.0,66.0
941,153,63.0,14.0,-9.0,63.0
942,153,63.0,19.0,-4.0,75.0
943,153,63.0,11.0,-3.0,74.0
944,153,63.0,8.0,-5.0,68.0
945,153,63.0,10.0,1.0,64.0
946,153,63.0,10.0,-9.0,64.0
947,153,63.0,9.0,-2.0,66.0
948,153,63.0,8.0,-2.0,65.0
949,153,63.0,11.0,-3.0,68.0
950,153,63.0,12.0,-3.0,63.0
951,153,63.0,25.0,-1.0,88.0
952,153,63.0,8.0,-4.0,66.0
953,153,63.0,8.0,3.0,67.0
954,153,63.0,11.0,-1.0,66.0
955,153,63.0,8.0,-2.0,66.0
956,153,63.0,11.0,-3.0,66.0
957,153,63.0,11.0,-2.0,64.0
958,153,63.0,9.0,-9.0,64.0
959,153,63.0,8.0,-2.0,69.0
960,153,63.0,12.0,-5.0,68.0
961,153,63.0,13.0,-1.0,66.0
962,153,63.0,8.0,-2.0,67.0
963,153,63.0,9.0,-1.0,65.0
964,153,63.0,9.0,-2.0,68.0
965,153,63.0,10.0,-3.0,67.0
966,153,63.0,10.0,1.0,67.0
967,153,63.0,11.0,-3.0,66.0
968,153,63.0,12.0,3.0,63.0
969,153,63.0,9.0,-2.0,65.0
970,153,63.0,8.0,3.0,64.0
971,153,63.0,12.0,-10.0,64.0
972,153,63.0,9.0,-7.0,63.0
973,153,63.0,9.0,-4.0,70.0
974,153,63.0,10.0,-1.0,63.0
975,153,63.0,11.0,-9.0,63.0
976,153,63.0,16.0,-8.0,63.0
977,153,63.0,20.0,3.0,63.0
978,153,63.0,9.0,3.0,63.0
979,153,63.0,9.0,-3.0,67.0
980,153,63.0,9.0,3.0,65.0
981,153,63.0,17.0,-17.0,63.0
982,153,63.0,10.0,-2.0,64.0
983,153,63.0,10.0,-1.0,64.0
984,153,63.0,15.0,-4.0,66.0
985,153,63.0,13.0,1.0,68.0
986,153,63.0,9.0,-2.0,64.0
987,153,63.0,15.0,2.0,63.0
988,153,63.0,11.0,1.0,69.0
989,153,63.0,8.0,0.0,65.0
990,153,63.0,8.0,-5.0,68.0
991,153,63.0,9.0,1.0,64.0
992,153,63.0,9.0,3.0,68.0
993,153,63.0,11.0,-6.0,63.0
994,153,63.0,8.0,-9.0,67.0
995,153,63.0,15.0,-2.0,63.0
996,153,63.0,12.0,-1.0,63.0
997,153,63.0,12.0,-1.0,70.0
998,153,63.0,10.0,-6.0,65.0
999,153,63.0,14.0,-3.0,65.0
1000,153,63.0,10.0,1.0,64.0
